dataset,method,n,coverage,all_zero_rate,hit_at_1,hit_at_3,hit_at_5,mrr
pog_dense,set_direct_confidence,5938,0.997473896934995,0.0,0.4654735775789296,0.7869322978220497,0.8750633125105521,0.6433649687647833
pog_dense,graph_conditional_count,5938,1.0,0.0,0.4503199730549006,0.7665880767935331,0.8511283260357022,0.6268049258930948
pog_dense,graph_conditional_binary,5938,1.0,0.0,0.44998315931289995,0.7665880767935331,0.8511283260357022,0.6266364074025409
pog_dense,graph_raw_binary,5938,1.0,0.0,0.42707982485685414,0.7322330751094644,0.835971707645672,0.604909893592383
pog_dense,graph_raw_count,5938,1.0,0.0,0.42707982485685414,0.7322330751094644,0.835971707645672,0.604909893592383
pog_dense,graph_ppmi_count,5938,1.0,0.0,0.09733917143819468,0.2930279555405861,0.4351633546648703,0.26735731106805477
pog_dense,graph_ppmi_binary,5938,1.0,0.0,0.09733917143819468,0.2926911417985854,0.4351633546648703,0.26933233812540175
pog_dense,lightgcn_bi_category_similarity,5938,1.0,0.0,0.06786796901313574,0.19282586729538564,0.30801616705961604,0.19728977129086656
pog_dense,text_centroid_similarity,5938,1.0,0.0,0.0005052206130010104,0.008083529808016167,0.02222970697204446,0.06442392112566826
