dataset,group,n,mean_gt_score,mean_max_distractor_score,mean_margin_vs_max_distractor,median_margin_vs_max_distractor,mean_pairwise_win_rate,hit_at_1_item,hit_at_3_item,hit_at_5_item,hit_at_1_category,hit_at_3_category,hit_at_5_category,mean_item_rank,mean_category_rank,same_gt_category_distractor_rate
pog_dense,overall,9185,0.45077859275034216,0.872702193540798,-0.4219236007904558,-0.2166287139695462,0.5301276235407972,0.11769188894937398,0.33805117038649973,0.5811649428415896,0.1622210125204137,0.4705498094719652,0.7736526946107785,4.9443658138268916,3.8410451823625475,0.39009254218835054
