split,n,llm_hit_rate,input_gt_top1_rate,input_gt_top3_rate,input_gt_mrr,input_gt_rank_mean,input_gt_sim_mean,input_neg_sim_mean,input_neg_sim_max_mean,input_gt_margin_vs_neg_mean_mean,input_gt_margin_vs_best_neg_mean,pred_is_input_semantic_top1_rate,pred_input_rank_mean,pairmean_gt_top1_rate,pairmean_gt_rank_mean,pairmean_gt_margin_vs_best_neg_mean,pairmax_gt_top1_rate,pairmax_gt_rank_mean,pairmax_gt_margin_vs_best_neg_mean,gt_to_distractor_sim_mean,gt_to_distractor_sim_max_mean
all,250,0.82,0.72,0.892,0.8144555555555555,1.78,0.5416469662189484,0.4051157968044281,0.49022282552719115,0.13653116941452026,0.0514241406917572,0.728,1.64,0.72,1.78,0.03812275779247284,0.656,1.9,0.05896379685401917,0.28702953827381134,0.36703905087709426
llm_hit,205,1.0,0.8097560975609757,0.9512195121951219,0.8807375145180023,1.4146341463414633,0.5553970568063783,0.4008645847076323,0.4836823813798951,0.15453247209874596,0.07171467542648316,0.8097560975609757,1.4146341463414633,0.8097560975609757,1.4146341463414633,0.05262878013820183,0.7365853658536585,1.5658536585365854,0.07759014440745843,0.2869619880507632,0.3657054991983786
llm_miss,45,0.0,0.3111111111111111,0.6222222222222222,0.5125044091710758,3.4444444444444446,0.47900766465399003,0.4244824296898312,0.5200181821982066,0.0545252349641588,-0.04101051754421658,0.35555555555555557,2.6666666666666665,0.3111111111111111,3.4444444444444446,-0.027960232893625894,0.28888888888888886,3.422222222222222,-0.025889564222759672,0.2873372670676973,0.3731141196356879
