distractor_hardness,n,hit_base_n,hit_base_acc
2.0,221,221,0.3076923076923077
3.0,28,28,0.21428571428571427
1.0,1,1,1.0
