gt_plausibility,n,hit_base_n,hit_base_acc
4.0,175,175,0.25142857142857145
5.0,49,49,0.5918367346938775
3.0,25,25,0.08
1.0,1,1,0.0
