split,n,llm_hit_rate,input_gt_top1_rate,input_gt_top3_rate,input_gt_mrr,input_gt_rank_mean,input_gt_sim_mean,input_neg_sim_mean,input_neg_sim_max_mean,input_gt_margin_vs_neg_mean_mean,input_gt_margin_vs_best_neg_mean,pred_is_input_semantic_top1_rate,pred_input_rank_mean,pairmean_gt_top1_rate,pairmean_gt_rank_mean,pairmean_gt_margin_vs_best_neg_mean,pairmax_gt_top1_rate,pairmax_gt_rank_mean,pairmax_gt_margin_vs_best_neg_mean,gt_to_distractor_sim_mean,gt_to_distractor_sim_max_mean
all,250,0.328,0.076,0.332,0.2922095238095238,5.252,0.008640549257397651,0.0009867997927358375,0.20148683555424213,0.007653749568387866,-0.1928462857604027,0.088,5.196,0.076,5.252,-0.16320357927680015,0.088,5.304,-0.17712033545970918,8.276494930032641e-05,0.21497231762111188
llm_hit,82,1.0,0.06097560975609756,0.4024390243902439,0.30287456445993033,4.951219512195122,0.022554459141158476,0.0008994883729184683,0.20825584986951293,0.02165497135280109,-0.18570139072835445,0.06097560975609756,4.951219512195122,0.06097560975609756,4.951219512195122,-0.15272552211110185,0.0975609756097561,5.024390243902439,-0.15923981077787353,-0.00023647973799464724,0.20762766879506228
llm_miss,168,0.0,0.08333333333333333,0.2976190476190476,0.2870039682539683,5.398809523809524,0.0018492360998477256,0.0010294160809800296,0.19818291190035997,0.000819819887900459,-0.19633367500223575,0.10119047619047619,5.315476190476191,0.08333333333333333,5.398809523809524,-0.1683178690838672,0.08333333333333333,5.440476190476191,-0.18584773441155752,0.0002385867609562064,0.21855720573858844
