dataset,num_bundles,num_categories,avg_item_count,avg_unique_category_count,median_unique_category_count,repeated_category_bundle_rate,unique_category_set_count,unique_category_set_ratio,category_set_entropy,item_count_entropy,top_pair,top_pair_count,top_category_set,top_category_set_count
pog,20000,72,3.6112,3.60825,3.0,0.00285,5019,0.25095,10.782794576455588,1.4438914331848158,126c091a8ff171f694733a624089e68a|664162d351ab59ea042546db288bbf7c,4427,126c091a8ff171f694733a624089e68a|2450d5bfc87a1f5b96e2837f5c87a70c|664162d351ab59ea042546db288bbf7c|95c3a26ab13f3ec5cd28a281e3685e7b,299
pog_dense,29686,67,3.563127400121269,3.562386310045139,3.0,0.0007410900761301624,3366,0.11338678164791484,9.289288139294129,1.4169034087759227,126c091a8ff171f694733a624089e68a|664162d351ab59ea042546db288bbf7c,8568,126c091a8ff171f694733a624089e68a|664162d351ab59ea042546db288bbf7c|95c3a26ab13f3ec5cd28a281e3685e7b,1009
