split,n,llm_hit_rate,input_gt_top1_rate,input_gt_top3_rate,input_gt_mrr,input_gt_rank_mean,input_gt_sim_mean,input_neg_sim_mean,input_neg_sim_max_mean,input_gt_margin_vs_neg_mean_mean,input_gt_margin_vs_best_neg_mean,pred_is_input_semantic_top1_rate,pred_input_rank_mean,pairmean_gt_top1_rate,pairmean_gt_rank_mean,pairmean_gt_margin_vs_best_neg_mean,pairmax_gt_top1_rate,pairmax_gt_rank_mean,pairmax_gt_margin_vs_best_neg_mean,gt_to_distractor_sim_mean,gt_to_distractor_sim_max_mean
all,250,0.82,0.204,0.44,0.3895698412698413,4.652,0.07026889748498798,0.0096835659372191,0.2028761579245329,0.06058533187024295,-0.13260726113617421,0.196,4.76,0.204,4.652,-0.05983818193897605,0.256,4.436,-0.0689576611816883,0.0017484256918542088,0.18970389011502267
llm_hit,205,1.0,0.21951219512195122,0.45365853658536587,0.4032539682539683,4.560975609756097,0.08062485278833931,0.009853379526776269,0.2045608597194276,0.07077147364389243,-0.12393600746262365,0.21951219512195122,4.560975609756097,0.21951219512195122,4.560975609756097,-0.055967474338121534,0.2780487804878049,4.185365853658537,-0.05609697165285669,0.002223874788118027,0.1903115484045773
llm_miss,45,0.0,0.13333333333333333,0.37777777777777777,0.32723104056437385,5.066666666666666,0.02309176776972082,0.008909970695903111,0.1952014053033458,0.014181797123617597,-0.17210963898234896,0.08888888888888889,5.666666666666667,0.13333333333333333,5.066666666666666,-0.07747140545397997,0.15555555555555556,5.5777777777777775,-0.12754524681303236,-0.00041750908001429504,0.1869356690181626
