split,n,llm_hit_rate,semantic_top1_rate,semantic_mrr,gt_rank_mean,gt_input_sim_mean,neg_input_sim_mean,neg_input_sim_max_mean,gt_margin_vs_best_neg_mean,gt_margin_vs_neg_mean_mean,pred_is_semantic_top1_rate,gt_to_distractor_sim_mean,gt_to_distractor_sim_max_mean
all,250,0.308,0.168,0.367068253968254,4.676,0.8192520725727082,0.7900456476211548,0.8783470258712769,-0.059094953298568724,0.029206424951553345,0.16,0.7823133808374405,0.8960440444946289
llm_hit,77,1.0,0.19480519480519481,0.39632549989692845,4.428571428571429,0.826538284877678,0.7916159738193859,0.8778261124313652,-0.05128782755368716,0.03492231105829214,0.19480519480519481,0.773733942926704,0.8974158074948695
llm_miss,173,0.0,0.15606936416184972,0.35404624277456653,4.786127167630058,0.8160090763444845,0.7893467163074912,0.8785788775179427,-0.06256980117345821,0.026662360036993304,0.14450867052023122,0.7861319745896179,0.8954334910205334
