split,n,llm_hit_rate,input_gt_top1_rate,input_gt_top3_rate,input_gt_mrr,input_gt_rank_mean,input_gt_sim_mean,input_neg_sim_mean,input_neg_sim_max_mean,input_gt_margin_vs_neg_mean_mean,input_gt_margin_vs_best_neg_mean,pred_is_input_semantic_top1_rate,pred_input_rank_mean,pairmean_gt_top1_rate,pairmean_gt_rank_mean,pairmean_gt_margin_vs_best_neg_mean,pairmax_gt_top1_rate,pairmax_gt_rank_mean,pairmax_gt_margin_vs_best_neg_mean,gt_to_distractor_sim_mean,gt_to_distractor_sim_max_mean
all,250,0.336,0.152,0.348,0.32404285714285713,5.692,-0.014106845751404763,0.07118251281627454,0.5182914126217365,-0.0852893608212471,-0.5323982593119144,0.148,5.816,0.152,5.692,-0.42642097583413124,0.108,6.1,-0.4961689068078995,0.11255460752546788,0.7126995544433594
llm_hit,84,1.0,0.21428571428571427,0.38095238095238093,0.3632180650037793,5.75,-0.0020328801834867114,0.1296929469508108,0.5965720510908535,-0.13172583432779425,-0.5986049333143801,0.21428571428571427,5.75,0.21428571428571427,5.75,-0.4900072416113246,0.11904761904761904,6.535714285714286,-0.5799859489003817,0.008824930215875307,0.7214020217458407
llm_miss,166,0.0,0.12048192771084337,0.3313253012048193,0.30421925798431826,5.662650602409639,-0.020216563267700643,0.04157482325422005,0.4786795232759183,-0.06179138627576541,-0.49889608692512455,0.1144578313253012,5.849397590361446,0.12048192771084337,5.662650602409639,-0.394244793151696,0.10240963855421686,5.879518072289157,-0.4537554638213422,0.16504432375441833,0.7082958962902965
