dataset,n_valid_pred,llm_hit_rate,pred_rank_mean,pred_rank_median,pred_rank_top1_rate,pred_rank_top3_rate,hit_pred_rank_mean,miss_pred_rank_mean
pog,250,0.328,4.492,4.0,0.16,0.44,3.817073170731707,4.821428571428571
pog_dense,250,0.336,5.148,5.0,0.104,0.348,5.023809523809524,5.210843373493976
spotify,250,0.82,1.64,1.0,0.728,0.928,1.4146341463414633,2.6666666666666665
spotify_sparse,247,0.8299595141700404,1.6680161943319838,1.0,0.728744939271255,0.8906882591093117,1.4439024390243902,2.761904761904762
