dataset,rank_1,rank_1_rate,rank_2,rank_2_rate,rank_3,rank_3_rate,rank_4,rank_4_rate,rank_5,rank_5_rate,rank_6,rank_6_rate,rank_7,rank_7_rate,rank_8,rank_8_rate,rank_9,rank_9_rate,rank_10,rank_10_rate
pog,40,0.16,34,0.136,36,0.144,23,0.092,25,0.1,32,0.128,20,0.08,14,0.056,14,0.056,12,0.048
pog_dense,26,0.104,31,0.124,30,0.12,24,0.096,24,0.096,25,0.1,29,0.116,25,0.1,20,0.08,16,0.064
spotify,182,0.728,33,0.132,17,0.068,4,0.016,7,0.028,1,0.004,1,0.004,1,0.004,1,0.004,3,0.012
spotify_sparse,180,0.728744939271255,27,0.10931174089068826,13,0.05263157894736842,13,0.05263157894736842,4,0.016194331983805668,5,0.020242914979757085,3,0.012145748987854251,2,0.008097165991902834,0,0.0,0,0.0
