method,signal,n,valid_pred_n,accuracy,pred_in_top_tie_rate,pred_unique_top1_rate,pred_mean_min_rank,pred_mean_avg_rank,pred_mean_score,hit_when_pred_in_top_tie,hit_when_pred_not_in_top_tie,pred_in_top_tie_rate_when_positive,pred_unique_top1_rate_when_positive
HN_base,cooccurrence,250,250,0.46,0.7,0.172,1.592,4.58,2.592,0.5085714285714286,0.3466666666666667,0.460431654676259,0.30935251798561153
HN_co_occur,cooccurrence,250,250,0.464,0.996,0.384,1.004,3.17,3.204,0.46586345381526106,0.0,0.9928057553956835,0.6906474820143885
HN_user_prefer,cooccurrence,250,250,0.328,0.628,0.112,1.824,4.954,2.076,0.4394904458598726,0.13978494623655913,0.33093525179856115,0.2014388489208633
HN_base,user_pref,250,250,0.46,0.336,0.124,3.256,5.372,3.4368000000000003,0.5357142857142857,0.42168674698795183,0.16161616161616163,0.15656565656565657
HN_co_occur,user_pref,250,250,0.464,0.392,0.176,2.976,4.958,4.2904,0.47959183673469385,0.45394736842105265,0.23232323232323232,0.2222222222222222
HN_user_prefer,user_pref,250,250,0.328,0.928,0.688,1.132,2.258,10.2168,0.29310344827586204,0.7777777777777778,0.9090909090909091,0.8686868686868687
