signal,left_method,right_method,n,left_accuracy,right_accuracy,left_only,right_only,both_hit,both_fail,right_only_gt_in_top_tie_rate,right_only_gt_unique_top1_rate,right_only_pred_in_top_tie_rate,right_only_pred_unique_top1_rate,right_only_mean_gt_avg_rank,right_only_mean_pred_avg_rank
cooccurrence,HN_base,HN_co_occur,250,0.46,0.464,35,36,80,99,1.0,0.4722222222222222,1.0,0.4722222222222222,2.611111111111111,2.611111111111111
cooccurrence,HN_base,HN_user_prefer,250,0.46,0.328,61,28,54,107,0.8571428571428571,0.07142857142857142,0.8571428571428571,0.07142857142857142,4.464285714285714,4.464285714285714
cooccurrence,HN_co_occur,HN_user_prefer,250,0.464,0.328,61,27,55,107,0.5185185185185185,0.0,0.5185185185185185,0.0,5.314814814814815,5.314814814814815
user_pref,HN_base,HN_co_occur,250,0.46,0.464,35,36,80,99,0.3888888888888889,0.19444444444444445,0.3888888888888889,0.19444444444444445,5.041666666666667,5.041666666666667
user_pref,HN_base,HN_user_prefer,250,0.46,0.328,61,28,54,107,0.9285714285714286,0.8214285714285714,0.9285714285714286,0.8214285714285714,1.9107142857142858,1.9107142857142858
user_pref,HN_co_occur,HN_user_prefer,250,0.464,0.328,61,27,55,107,0.9629629629629629,0.8148148148148148,0.9629629629629629,0.8148148148148148,1.7407407407407407,1.7407407407407407
