split,n,llm_hit_rate,input_gt_top1_rate,input_gt_top3_rate,input_gt_mrr,input_gt_rank_mean,input_gt_sim_mean,input_neg_sim_mean,input_neg_sim_max_mean,input_gt_margin_vs_neg_mean_mean,input_gt_margin_vs_best_neg_mean,pred_is_input_semantic_top1_rate,pred_input_rank_mean,pairmean_gt_top1_rate,pairmean_gt_rank_mean,pairmean_gt_margin_vs_best_neg_mean,pairmax_gt_top1_rate,pairmax_gt_rank_mean,pairmax_gt_margin_vs_best_neg_mean,gt_to_distractor_sim_mean,gt_to_distractor_sim_max_mean
all,250,0.82,0.528,0.74,0.6623269841269841,2.852,0.5876156883835792,0.044473952659522184,0.7629033697247505,0.543141736112535,-0.17528768077492715,0.5222672064777328,2.7327935222672064,0.528,2.852,-0.08565443204343319,0.56,2.628,-0.0755437232851982,0.05201102768490091,0.7856156522333622
llm_hit,205,1.0,0.5902439024390244,0.7902439024390244,0.7121970576848625,2.551219512195122,0.6422790419401192,0.03640193668344603,0.7466897771852773,0.605877105446487,-0.1044107346999936,0.5902439024390244,2.551219512195122,0.5902439024390244,2.551219512195122,-0.02910272091990564,0.6195121951219512,2.3365853658536584,-0.022524440506609476,0.04509319663984792,0.7729678725687469
llm_miss,45,0.0,0.24444444444444444,0.5111111111111111,0.4351410934744268,4.222222222222222,0.33859374440378615,0.08124646988386909,0.8367652912934621,0.2573472758134206,-0.4981715462274022,0.19047619047619047,3.619047619047619,0.24444444444444444,4.222222222222222,-0.34327889382839205,0.28888888888888886,3.9555555555555557,-0.31707601149876913,0.08352559133458676,0.843233315149943
