split,n,llm_hit_rate,semantic_top1_rate,semantic_mrr,gt_rank_mean,gt_input_sim_mean,neg_input_sim_mean,neg_input_sim_max_mean,gt_margin_vs_best_neg_mean,gt_margin_vs_neg_mean_mean,pred_is_semantic_top1_rate,gt_to_distractor_sim_mean,gt_to_distractor_sim_max_mean
all,250,0.332,0.132,0.3378333333333333,4.968,0.6137994129061699,0.6040014855861664,0.71633085501194,-0.10253144210577012,0.00979792732000351,0.136,0.5647972265481949,0.6933374030590057
llm_hit,83,1.0,0.1927710843373494,0.4021705871103461,4.313253012048193,0.6336647724530783,0.6020771053182074,0.7135034501552582,-0.07983867770217988,0.03158766713487097,0.1927710843373494,0.5657860284828278,0.6835984964686704
llm_miss,167,0.0,0.10179640718562874,0.3058573329531413,5.293413173652695,0.6039262102571076,0.6049579141025772,0.7177360921562789,-0.11380988189917125,-0.0010317038454695376,0.10778443113772455,0.5643057860657127,0.6981776979512083
