split,n,llm_hit_rate,semantic_top1_rate,semantic_mrr,gt_rank_mean,gt_input_sim_mean,neg_input_sim_mean,neg_input_sim_max_mean,gt_margin_vs_best_neg_mean,gt_margin_vs_neg_mean_mean,pred_is_semantic_top1_rate,gt_to_distractor_sim_mean,gt_to_distractor_sim_max_mean
all,250,0.328,0.132,0.3378333333333333,4.968,0.6137994129061699,0.6040014855861664,0.71633085501194,-0.10253144210577012,0.00979792732000351,0.132,0.5647972265481949,0.6933374030590057
llm_hit,82,1.0,0.2073170731707317,0.40914150212930706,4.414634146341464,0.6229629084104444,0.6009319802609886,0.7096957364460317,-0.08673282803558721,0.022030928149455932,0.2073170731707317,0.559657294212318,0.6745767876869295
llm_miss,168,0.0,0.09523809523809523,0.30302815570672714,5.238095238095238,0.6093267543862263,0.6054996965186936,0.7195694247881571,-0.11024267040193081,0.0038270578675326846,0.09523809523809523,0.5673060030454681,0.7024943700858525
