method,type,n,hit_at_1,hit_at_3,hit_at_5,mrr,ndcg_at_3,ndcg_at_5,ndcg_at_10,mean_rank,median_rank,valid_rank_ratio
IBxBI,single_view,250,0.324,0.672,0.852,0.5381126984126984,0.525757107757149,0.6006494631600288,0.6495563328381944,3.016,2.0,1.0
IUxUI,single_view,250,0.296,0.624,0.848,0.5117761904761904,0.48618595071429155,0.5786257146455573,0.6292338000148833,3.152,3.0,1.0
BIxIB,single_view,250,0.38,0.704,0.868,0.5749444444444445,0.5655673556428623,0.6328677061031462,0.6776738930371707,2.808,2.0,1.0
OracleSelector,oracle,250,0.524,0.824,0.956,0.6943904761904762,0.6996622317000059,0.7549338823354949,0.7698235830101757,2.092,1.0,1.0
