split,n,llm_hit_rate,input_gt_top1_rate,input_gt_top3_rate,input_gt_mrr,input_gt_rank_mean,input_gt_sim_mean,input_neg_sim_mean,input_neg_sim_max_mean,input_gt_margin_vs_neg_mean_mean,input_gt_margin_vs_best_neg_mean,pred_is_input_semantic_top1_rate,pred_input_rank_mean,pairmean_gt_top1_rate,pairmean_gt_rank_mean,pairmean_gt_margin_vs_best_neg_mean,pairmax_gt_top1_rate,pairmax_gt_rank_mean,pairmax_gt_margin_vs_best_neg_mean,gt_to_distractor_sim_mean,gt_to_distractor_sim_max_mean
all,250,0.82,0.272,0.628,0.493115873015873,3.404,0.6795418248176575,0.14265037834644317,0.9988682532310486,0.5368914475440979,-0.3193264284133911,0.268,3.424,0.272,3.432,-0.172855131149292,0.268,3.488,-0.10420237374305726,0.08719210150837899,0.9917904186248779
llm_hit,205,1.0,0.28780487804878047,0.6439024390243903,0.5068176538908246,3.2780487804878047,0.7165022573819975,0.14076810330152512,0.9987190816460586,0.575734155643277,-0.2822168236825524,0.28780487804878047,3.2780487804878047,0.28780487804878047,3.3024390243902437,-0.14642213742907453,0.28292682926829266,3.351219512195122,-0.08800690610234331,0.08719605192905519,0.9900298607058642
llm_miss,45,0.0,0.2,0.5555555555555556,0.43069664902998245,3.977777777777778,0.511166520913442,0.15122518688440323,0.9995478126737807,0.3599413328700595,-0.488381294409434,0.17777777777777778,4.088888888888889,0.2,4.022222222222222,-0.2932721025413937,0.2,4.111111111111111,-0.1779817263285319,0.0871741051475207,0.9998107380337186
