method,signal,n,valid_pred_n,accuracy,pred_in_top_tie_rate,pred_unique_top1_rate,pred_mean_min_rank,pred_mean_avg_rank,pred_mean_score,hit_when_pred_in_top_tie,hit_when_pred_not_in_top_tie,pred_in_top_tie_rate_when_positive,pred_unique_top1_rate_when_positive
base,cooccurrence,250,250,0.336,0.588,0.196,1.604,4.61,1.784,0.5238095238095238,0.06796116504854369,0.3719512195121951,0.29878048780487804
co_occer_cf,cooccurrence,250,250,0.556,0.996,0.548,1.004,2.64,4.196,0.5582329317269076,0.0,0.9939024390243902,0.8353658536585366
user_prefer_cf,cooccurrence,250,250,0.38,0.612,0.236,1.56,4.448,2.564,0.5620915032679739,0.09278350515463918,0.40853658536585363,0.3597560975609756
base,user_pref,250,250,0.336,0.704,0.084,1.388,5.086,0.0732,0.375,0.24324324324324326,0.28846153846153844,0.20192307692307693
co_occer_cf,user_pref,250,250,0.556,0.748,0.12,1.336,4.914,0.12719999999999998,0.5935828877005348,0.4444444444444444,0.3942307692307692,0.28846153846153844
user_prefer_cf,user_pref,250,250,0.38,0.876,0.24,1.16,4.206,0.186,0.3789954337899543,0.3870967741935484,0.7019230769230769,0.5769230769230769
