dataset,split,mode,num_categories,nonzero_diag,undirected_edges,density,total_offdiag_weight,mean_degree,median_degree,max_degree,mean_weighted_degree,max_weighted_degree,num_components,largest_component_size,isolated_categories
pog,train,count,72,72,1059,0.41431924882629106,69594.0,29.416666666666668,32.0,65,1933.1666666666667,20302.0,1,72,0
pog,train,binary,72,72,1059,0.41431924882629106,69505.0,29.416666666666668,32.0,65,1930.6944444444443,20292.0,1,72,0
pog,full,count,72,72,1126,0.4405320813771518,99094.0,31.27777777777778,33.0,65,2752.6111111111113,28898.0,1,72,0
pog,full,binary,72,72,1126,0.4405320813771518,98964.0,31.27777777777778,33.0,65,2749.0,28882.0,1,72,0
pog_dense,train,count,67,67,766,0.3464495703301673,100624.0,22.865671641791046,20.0,55,3003.7014925373132,34350.0,1,67,0
pog_dense,train,binary,67,67,766,0.3464495703301673,100588.0,22.865671641791046,20.0,55,3002.626865671642,34345.0,1,67,0
pog_dense,full,count,67,67,831,0.3758480325644505,143372.0,24.80597014925373,22.0,56,4279.761194029851,48837.0,1,67,0
pog_dense,full,binary,67,67,831,0.3758480325644505,143324.0,24.80597014925373,22.0,56,4278.328358208955,48830.0,1,67,0
