split,n,llm_hit_rate,input_gt_top1_rate,input_gt_top3_rate,input_gt_mrr,input_gt_rank_mean,input_gt_sim_mean,input_neg_sim_mean,input_neg_sim_max_mean,input_gt_margin_vs_neg_mean_mean,input_gt_margin_vs_best_neg_mean,pred_is_input_semantic_top1_rate,pred_input_rank_mean,pairmean_gt_top1_rate,pairmean_gt_rank_mean,pairmean_gt_margin_vs_best_neg_mean,pairmax_gt_top1_rate,pairmax_gt_rank_mean,pairmax_gt_margin_vs_best_neg_mean,gt_to_distractor_sim_mean,gt_to_distractor_sim_max_mean
all,250,0.336,0.072,0.284,0.26855555555555555,5.648,0.4557728004455566,0.46047894167900083,0.5754528621435165,-0.004706141233444214,-0.1196800616979599,0.104,5.148,0.072,5.648,-0.0993281524181366,0.06,5.86,-0.1632384227514267,0.38290220135450365,0.5152123521566391
llm_hit,84,1.0,0.11904761904761904,0.40476190476190477,0.3335128495842782,5.023809523809524,0.4775363551009269,0.4587877066362472,0.5667628074685732,0.018748648464679718,-0.08922645236764636,0.11904761904761904,5.023809523809524,0.11904761904761904,5.023809523809524,-0.0745939090847969,0.10714285714285714,5.142857142857143,-0.12495684659197218,0.37975650777419406,0.5077640251034782
llm_miss,166,0.0,0.04819277108433735,0.22289156626506024,0.23568559954102125,5.963855421686747,0.44475991736693554,0.46133474736328584,0.5798502392079457,-0.0165748299963503,-0.13509032184101014,0.0963855421686747,5.210843373493976,0.04819277108433735,5.963855421686747,-0.11184427555066993,0.03614457831325301,6.22289156626506,-0.18260982273572898,0.38449399810598556,0.5189813851232988
