method,type,n,hit_at_1,hit_at_3,hit_at_5,mrr,ndcg_at_3,ndcg_at_5,ndcg_at_10,mean_rank,median_rank,valid_rank_ratio
IBxBI,single_view,250,0.428,0.748,0.86,0.6124507936507937,0.6131385126857198,0.6599719271630967,0.7059251234146264,2.728,2.0,1.0
IUxUI,single_view,250,0.292,0.604,0.796,0.5006380952380953,0.4736622317000057,0.5531968207896998,0.619531737212575,3.424,3.0,1.0
BIxIB,single_view,250,0.436,0.74,0.9,0.6225730158730158,0.6147096697285774,0.6811637889733446,0.7142119154414254,2.568,2.0,1.0
OracleSelector,oracle,250,0.652,0.896,0.972,0.7838777777777778,0.7965199176142908,0.8280242710043807,0.83761439423634,1.732,1.0,1.0
