distractor_hardness,n,all_hit,all_hit_rate,all_fail,all_fail_rate,mixed,mixed_rate,mean_hit_count
3.0,28,3,0.10714285714285714,14,0.5,11,0.39285714285714285,0.8214285714285714
2.0,221,47,0.21266968325791855,71,0.3212669683257919,103,0.4660633484162896,1.3212669683257918
1.0,1,1,1.0,0,0.0,0,0.0,3.0
