gt_plausibility,n,all_hit,all_hit_rate,all_fail,all_fail_rate,mixed,mixed_rate,mean_hit_count
3.0,25,2,0.08,16,0.64,7,0.28,0.56
4.0,175,26,0.14857142857142858,65,0.37142857142857144,84,0.48,1.1142857142857143
5.0,49,23,0.46938775510204084,4,0.08163265306122448,22,0.4489795918367347,2.204081632653061
1.0,1,0,0.0,0,0.0,1,1.0,1.0
