primary_rule_tag,n,all_hit,all_hit_rate,all_fail,all_fail_rate,mixed,mixed_rate,mean_hit_count
hard_negative_like,11,0,0.0,10,0.9090909090909091,1,0.09090909090909091,0.09090909090909091
weak_or_no_rule_signal,88,10,0.11363636363636363,56,0.6363636363636364,22,0.25,0.7045454545454546
popularity_shortcut,37,9,0.24324324324324326,17,0.4594594594594595,11,0.2972972972972973,1.1081081081081081
cooccurrence_shortcut,114,32,0.2807017543859649,2,0.017543859649122806,80,0.7017543859649122,1.8771929824561404
