primary_tag,n,all_hit,all_hit_rate,all_fail,all_fail_rate,mixed,mixed_rate,mean_hit_count
style_theme_match,79,9,0.11392405063291139,33,0.4177215189873418,37,0.46835443037974683,1.0
category_completion,93,18,0.1935483870967742,33,0.3548387096774194,42,0.45161290322580644,1.2258064516129032
brand_or_collection_match,7,5,0.7142857142857143,2,0.2857142857142857,0,0.0,2.142857142857143
season_match,63,15,0.23809523809523808,17,0.2698412698412698,31,0.49206349206349204,1.4444444444444444
gender_or_age_filtering,6,4,0.6666666666666666,0,0.0,2,0.3333333333333333,2.6666666666666665
ambiguous_or_counterintuitive_gt,1,0,0.0,0,0.0,1,1.0,1.0
color_material_pattern_match,1,0,0.0,0,0.0,1,1.0,2.0
