tag_primary_or_secondary,n,all_hit,all_hit_rate,all_fail,all_fail_rate,mixed,mixed_rate,mean_hit_count
style_theme_match,161,24,0.14906832298136646,63,0.391304347826087,74,0.45962732919254656,1.093167701863354
category_completion,237,49,0.20675105485232068,81,0.34177215189873417,107,0.45147679324894513,1.2742616033755274
season_match,85,20,0.23529411764705882,24,0.2823529411764706,41,0.4823529411764706,1.423529411764706
brand_or_collection_match,8,5,0.625,2,0.25,1,0.125,2.125
gender_or_age_filtering,6,4,0.6666666666666666,0,0.0,2,0.3333333333333333,2.6666666666666665
color_material_pattern_match,1,0,0.0,0,0.0,1,1.0,2.0
ambiguous_or_counterintuitive_gt,1,0,0.0,0,0.0,1,1.0,1.0
