dataset,space,samples,gt_cos_mean,gt_cos_std,distractor_mean_cos_mean,distractor_max_cos_mean,gt_rank_mean,hit_at_1,hit_at_3,gt_minus_distractor_mean,gt_minus_distractor_max
pog,content_item,8411,0.5573512280742757,0.07665744614085547,0.5480906058330057,0.6671310822705199,5.019141600285341,0.0967780287718464,0.33789085721079537,0.009260622241269988,-0.10977985419624414
pog_dense,content_item,9185,0.5861966081559821,0.06049922544260383,0.5818179763427687,0.6867140065150606,5.268263473053892,0.0859009254218835,0.30919978225367445,0.004378631813213367,-0.1005173983590786
