dataset,grouping,n,coverage,mean_gt_best_cosine,median_gt_best_cosine,mean_gt_mean_cosine,mean_gt_best_rank,hit_at_1,hit_at_3,hit_at_5,mrr,observed_category_count,heldout_category_count
pog,dataset,4000,1.0,0.6916290344851768,0.8038664018421886,0.5108497712539319,8.01375,0.282,0.502,0.61575,0.43735195077566885,,
pog,dataset+observed_category_count,1993,1.0,0.6719167986987222,0.8027364561082151,0.48989715138312684,9.71801304565981,0.24586051179126944,0.4410436527847466,0.5604616156547918,0.3940384346953659,1.0,
pog,dataset+observed_category_count,2007,1.0,0.7112037658864743,0.8045803421976978,0.5316562343344076,6.321375186846039,0.317887394120578,0.5625311410064773,0.6706527154957648,0.4803633297233738,2.0,
pog,dataset+heldout_category_count,36,1.0,0.542743832353248,0.762843220499289,0.542743832353248,13.25,0.08333333333333333,0.3888888888888889,0.5277777777777778,0.27710259687482597,,1.0
pog,dataset+heldout_category_count,3519,1.0,0.6862257344372277,0.8026774751814834,0.5142565728785736,8.375106564364877,0.27337311736288716,0.48366013071895425,0.5978971298664393,0.425439761234386,,2.0
pog,dataset+heldout_category_count,445,1.0,0.7464022482952491,0.8142285826877598,0.48132904964339485,4.7325842696629215,0.36629213483146067,0.6561797752808989,0.7640449438202247,0.5445159322053426,,3.0
