split,n,llm_hit_rate,input_gt_top1_rate,input_gt_top3_rate,input_gt_mrr,input_gt_rank_mean,input_gt_sim_mean,input_neg_sim_mean,input_neg_sim_max_mean,input_gt_margin_vs_neg_mean_mean,input_gt_margin_vs_best_neg_mean,pred_is_input_semantic_top1_rate,pred_input_rank_mean,pairmean_gt_top1_rate,pairmean_gt_rank_mean,pairmean_gt_margin_vs_best_neg_mean,pairmax_gt_top1_rate,pairmax_gt_rank_mean,pairmax_gt_margin_vs_best_neg_mean,gt_to_distractor_sim_mean,gt_to_distractor_sim_max_mean
all,250,0.82,0.728,0.896,0.8218142857142857,1.7,0.5552648457288742,0.39813726210594175,0.4893530901670456,0.15712758362293244,0.06591175556182861,0.728744939271255,1.6680161943319838,0.728,1.7,0.05016780585050583,0.664,1.804,0.06730426979064942,0.2861407895684242,0.3737777445316315
llm_hit,205,1.0,0.8146341463414634,0.926829268292683,0.8790301974448315,1.4439024390243902,0.5694111393719185,0.39377683691862153,0.4840136987407033,0.17563430245329695,0.08539744063121517,0.8146341463414634,1.4439024390243902,0.8146341463414634,1.4439024390243902,0.06455942872093945,0.7268292682926829,1.5951219512195123,0.08714638119790612,0.2858857545183926,0.3728001610534947
llm_miss,45,0.0,0.3333333333333333,0.7555555555555555,0.5611640211640211,2.8666666666666667,0.4908206191327837,0.4180014212926229,0.5136769844426049,0.07281919784016079,-0.022856365309821235,0.30952380952380953,2.761904761904762,0.3333333333333333,2.8666666666666667,-0.015394031670358447,0.37777777777777777,2.7555555555555555,-0.023087571064631145,0.28730261590745715,0.37823118037647674
