split,n,llm_hit_rate,input_gt_top1_rate,input_gt_top3_rate,input_gt_mrr,input_gt_rank_mean,input_gt_sim_mean,input_neg_sim_mean,input_neg_sim_max_mean,input_gt_margin_vs_neg_mean_mean,input_gt_margin_vs_best_neg_mean,pred_is_input_semantic_top1_rate,pred_input_rank_mean,pairmean_gt_top1_rate,pairmean_gt_rank_mean,pairmean_gt_margin_vs_best_neg_mean,pairmax_gt_top1_rate,pairmax_gt_rank_mean,pairmax_gt_margin_vs_best_neg_mean,gt_to_distractor_sim_mean,gt_to_distractor_sim_max_mean
all,250,0.336,0.368,0.676,0.5613571428571429,3.048,0.5863565132915973,-0.03333372085168958,0.8317629764676094,0.6196902355924249,-0.24540646344423295,0.2,4.528,0.368,3.048,-0.18260616317391395,0.468,2.884,-0.17164057743549346,-0.026880432933336123,0.8845488558858633
llm_hit,84,1.0,0.4523809523809524,0.7261904761904762,0.632785336356765,2.5833333333333335,0.6875394954833955,-0.05065607887947755,0.8312597739554587,0.7381955758845877,-0.14372027878250396,0.4523809523809524,2.5833333333333335,0.4523809523809524,2.5833333333333335,-0.10236864421694052,0.5595238095238095,2.4047619047619047,-0.09695380855174292,-0.03464135879074179,0.8520606471935198
llm_miss,166,0.0,0.3253012048192771,0.6506024096385542,0.525212755785045,3.283132530120482,0.5351554861583983,-0.02456819028341133,0.8320176090641194,0.559723677854222,-0.2968621231525777,0.07228915662650602,5.5120481927710845,0.3253012048192771,3.283132530120482,-0.22320828120033426,0.42168674698795183,3.1265060240963853,-0.20943388217184916,-0.022953217439227232,0.9009886723325913
