method,signal,n,valid_pred_n,accuracy,pred_in_top_tie_rate,pred_unique_top1_rate,pred_mean_min_rank,pred_mean_avg_rank,pred_mean_score,hit_when_pred_in_top_tie,hit_when_pred_not_in_top_tie,pred_in_top_tie_rate_when_positive,pred_unique_top1_rate_when_positive
HN_base,cooccurrence,250,250,0.52,0.648,0.444,1.788,2.976,33.512,0.6851851851851852,0.2159090909090909,0.5887850467289719,0.5186915887850467
HN_co_occur,cooccurrence,250,250,0.564,0.992,0.744,1.008,1.732,39.276,0.5645161290322581,0.5,0.9906542056074766,0.8691588785046729
HN_user_prefer,cooccurrence,250,250,0.308,0.46,0.268,2.428,4.002,18.612,0.5739130434782609,0.08148148148148149,0.3691588785046729,0.3130841121495327
HN_base,user_pref,250,250,0.52,0.328,0.184,3.136,5.066,4.698799999999999,0.6341463414634146,0.4642857142857143,0.2222222222222222,0.21296296296296297
HN_co_occur,user_pref,250,250,0.564,0.396,0.248,3.012,4.814,5.1456,0.5858585858585859,0.5496688741721855,0.30092592592592593,0.28703703703703703
HN_user_prefer,user_pref,250,250,0.308,0.972,0.804,1.052,1.716,8.92,0.3004115226337449,0.5714285714285714,0.9675925925925926,0.9305555555555556
