signal,left_method,right_method,n,left_accuracy,right_accuracy,left_only,right_only,both_hit,both_fail,right_only_gt_in_top_tie_rate,right_only_gt_unique_top1_rate,right_only_pred_in_top_tie_rate,right_only_pred_unique_top1_rate,right_only_mean_gt_avg_rank,right_only_mean_pred_avg_rank
cooccurrence,HN_base,HN_co_occur,250,0.52,0.564,23,34,107,86,0.9705882352941176,0.7352941176470589,0.9705882352941176,0.7352941176470589,1.6323529411764706,1.6323529411764706
cooccurrence,HN_base,HN_user_prefer,250,0.52,0.308,77,24,53,96,0.6666666666666666,0.375,0.6666666666666666,0.375,2.9166666666666665,2.9166666666666665
cooccurrence,HN_co_occur,HN_user_prefer,250,0.564,0.308,82,18,59,91,0.3888888888888889,0.0,0.3888888888888889,0.0,4.194444444444445,4.194444444444445
user_pref,HN_base,HN_co_occur,250,0.52,0.564,23,34,107,86,0.38235294117647056,0.3235294117647059,0.38235294117647056,0.3235294117647059,4.544117647058823,4.544117647058823
user_pref,HN_base,HN_user_prefer,250,0.52,0.308,77,24,53,96,1.0,0.875,1.0,0.875,1.2291666666666667,1.2291666666666667
user_pref,HN_co_occur,HN_user_prefer,250,0.564,0.308,82,18,59,91,1.0,0.7222222222222222,1.0,0.7222222222222222,1.8055555555555556,1.8055555555555556
