tag_in_primary_or_secondary,n,hit_baseline_n,hit_baseline_acc,hit_intent_prompt_n,hit_intent_prompt_acc,hit_delete_prompt_n,hit_delete_prompt_acc,hit_image_text_n,hit_image_text_acc,hit_delete_image_text_n,hit_delete_image_text_acc,hit_intent_image_text_n,hit_intent_image_text_acc,hit_co_occer_cf_n,hit_co_occer_cf_acc,hit_user_prefer_cf_n,hit_user_prefer_cf_acc
category_completion,237,237,0.33755274261603374,237,0.33755274261603374,237,0.37130801687763715,237,0.31223628691983124,237,0.3206751054852321,237,0.2869198312236287,237,0.5527426160337553,237,0.38396624472573837
style_theme_match,161,161,0.2857142857142857,161,0.2919254658385093,161,0.36024844720496896,161,0.30434782608695654,161,0.30434782608695654,161,0.2608695652173913,161,0.4906832298136646,161,0.3167701863354037
season_match,85,85,0.3764705882352941,85,0.3764705882352941,85,0.3764705882352941,85,0.3411764705882353,85,0.3411764705882353,85,0.3411764705882353,85,0.6352941176470588,85,0.4117647058823529
brand_or_collection_match,8,8,0.75,8,0.75,8,0.75,8,0.75,8,0.75,8,0.75,8,0.625,8,0.75
gender_or_age_filtering,6,6,0.6666666666666666,6,0.8333333333333334,6,0.6666666666666666,6,0.6666666666666666,6,0.6666666666666666,6,0.8333333333333334,6,1.0,6,1.0
color_material_pattern_match,1,1,0.0,1,0.0,1,0.0,1,0.0,1,0.0,1,0.0,1,1.0,1,1.0
ambiguous_or_counterintuitive_gt,1,1,0.0,1,0.0,1,0.0,1,0.0,1,0.0,1,0.0,1,1.0,1,0.0
