gt_plausibility,n,hit_baseline_n,hit_baseline_acc,hit_intent_prompt_n,hit_intent_prompt_acc,hit_delete_prompt_n,hit_delete_prompt_acc,hit_image_text_n,hit_image_text_acc,hit_delete_image_text_n,hit_delete_image_text_acc,hit_intent_image_text_n,hit_intent_image_text_acc,hit_co_occer_cf_n,hit_co_occer_cf_acc,hit_user_prefer_cf_n,hit_user_prefer_cf_acc
4.0,175,175,0.2742857142857143,175,0.2857142857142857,175,0.3142857142857143,175,0.26857142857142857,175,0.2914285714285714,175,0.25142857142857145,175,0.5257142857142857,175,0.3142857142857143
5.0,49,49,0.6530612244897959,49,0.6530612244897959,49,0.673469387755102,49,0.5714285714285714,49,0.5918367346938775,49,0.5918367346938775,49,0.7959183673469388,49,0.7551020408163265
3.0,25,25,0.16,25,0.12,25,0.24,25,0.24,25,0.08,25,0.08,25,0.28,25,0.12
1.0,1,1,0.0,1,0.0,1,0.0,1,0.0,1,0.0,1,0.0,1,1.0,1,0.0
