primary_tag,n,hit_baseline_n,hit_baseline_acc,hit_intent_prompt_n,hit_intent_prompt_acc,hit_delete_prompt_n,hit_delete_prompt_acc,hit_image_text_n,hit_image_text_acc,hit_delete_image_text_n,hit_delete_image_text_acc,hit_intent_image_text_n,hit_intent_image_text_acc,hit_co_occer_cf_n,hit_co_occer_cf_acc,hit_user_prefer_cf_n,hit_user_prefer_cf_acc
category_completion,93,93,0.3548387096774194,93,0.3548387096774194,93,0.3870967741935484,93,0.3225806451612903,93,0.3763440860215054,93,0.26881720430107525,93,0.5268817204301075,93,0.34408602150537637
style_theme_match,79,79,0.21518987341772153,79,0.24050632911392406,79,0.3291139240506329,79,0.27848101265822783,79,0.22784810126582278,79,0.25316455696202533,79,0.46835443037974683,79,0.31645569620253167
season_match,63,63,0.3968253968253968,63,0.36507936507936506,63,0.36507936507936506,63,0.31746031746031744,63,0.31746031746031744,63,0.31746031746031744,63,0.6349206349206349,63,0.4126984126984127
brand_or_collection_match,7,7,0.7142857142857143,7,0.7142857142857143,7,0.7142857142857143,7,0.7142857142857143,7,0.7142857142857143,7,0.7142857142857143,7,0.7142857142857143,7,0.7142857142857143
gender_or_age_filtering,6,6,0.6666666666666666,6,0.8333333333333334,6,0.6666666666666666,6,0.6666666666666666,6,0.6666666666666666,6,0.8333333333333334,6,1.0,6,1.0
ambiguous_or_counterintuitive_gt,1,1,0.0,1,0.0,1,0.0,1,0.0,1,0.0,1,0.0,1,1.0,1,0.0
color_material_pattern_match,1,1,0.0,1,0.0,1,0.0,1,0.0,1,0.0,1,0.0,1,1.0,1,1.0
