primary_rule_tag,n,hit_baseline_n,hit_baseline_acc,hit_intent_prompt_n,hit_intent_prompt_acc,hit_delete_prompt_n,hit_delete_prompt_acc,hit_image_text_n,hit_image_text_acc,hit_delete_image_text_n,hit_delete_image_text_acc,hit_intent_image_text_n,hit_intent_image_text_acc,hit_co_occer_cf_n,hit_co_occer_cf_acc,hit_user_prefer_cf_n,hit_user_prefer_cf_acc
cooccurrence_shortcut,114,114,0.40350877192982454,114,0.40350877192982454,114,0.42105263157894735,114,0.37719298245614036,114,0.38596491228070173,114,0.34210526315789475,114,0.9824561403508771,114,0.49122807017543857
weak_or_no_rule_signal,88,88,0.2840909090909091,88,0.29545454545454547,88,0.3181818181818182,88,0.29545454545454547,88,0.3181818181818182,88,0.3068181818181818,88,0.14772727272727273,88,0.2727272727272727
popularity_shortcut,37,37,0.35135135135135137,37,0.32432432432432434,37,0.40540540540540543,37,0.32432432432432434,37,0.2702702702702703,37,0.24324324324324326,37,0.35135135135135137,37,0.40540540540540543
hard_negative_like,11,11,0.0,11,0.09090909090909091,11,0.2727272727272727,11,0.0,11,0.0,11,0.0,11,0.09090909090909091,11,0.0
