split,n,llm_hit_rate,semantic_top1_rate,semantic_mrr,gt_rank_mean,gt_input_sim_mean,neg_input_sim_mean,neg_input_sim_max_mean,gt_margin_vs_best_neg_mean,gt_margin_vs_neg_mean_mean,pred_is_semantic_top1_rate,gt_to_distractor_sim_mean,gt_to_distractor_sim_max_mean
all,500,0.334,0.088,0.26758730158730154,5.902,0.620305922806263,0.6367922481298447,0.7579332549571991,-0.13762733215093612,-0.016486325323581696,0.11387163561076605,0.5562472856044769,0.6939879497289657
llm_hit,167,1.0,0.08982035928143713,0.2622516871019865,6.0119760479041915,0.6212995384267704,0.6403974644438235,0.7602601104867672,-0.13896057205999682,-0.019097926017053114,0.08982035928143713,0.5607799728830417,0.6990489122753372
llm_miss,333,0.0,0.08708708708708708,0.27026312026312027,5.846846846846847,0.6198076230806632,0.6349842267351465,0.7567663334153436,-0.13695871033468046,-0.015176603654483417,0.12658227848101267,0.5539741361284399,0.6914498694129176
