dataset,method,n,coverage,all_zero_rate,hit_at_1,hit_at_3,hit_at_5,mrr
pog,set_direct_confidence,4000,0.9985,0.0,0.45493239859789686,0.7648973460190286,0.8783174762143214,0.6339542033382821
pog,graph_conditional_count,4000,1.0,0.0,0.46075,0.76025,0.868,0.6345060359816448
pog,graph_conditional_binary,4000,1.0,0.0,0.46075,0.76,0.8685,0.6344503406353246
pog,graph_raw_count,4000,1.0,0.0,0.45325,0.7495,0.86425,0.6275883480415542
pog,graph_raw_binary,4000,1.0,0.0,0.45325,0.7495,0.86475,0.6275428881909473
pog,graph_ppmi_count,4000,1.0,0.0,0.1005,0.31025,0.48325,0.2794191798934685
pog,graph_ppmi_binary,4000,1.0,0.0,0.1005,0.31,0.4845,0.2798450181537205
pog,text_centroid_similarity,4000,1.0,0.0,0.00775,0.02875,0.08675,0.09301807033572287
