method,signal,n,valid_pred_n,accuracy,pred_in_top_tie_rate,pred_unique_top1_rate,pred_mean_min_rank,pred_mean_avg_rank,pred_mean_score,hit_when_pred_in_top_tie,hit_when_pred_not_in_top_tie,pred_in_top_tie_rate_when_positive,pred_unique_top1_rate_when_positive
base,cooccurrence,250,250,0.328,0.964,0.012,1.036,5.464,0.012,0.34024896265560167,0.0,0.25,0.25
co_occur,cooccurrence,249,249,0.3534136546184739,1.0,0.04819277108433735,1.0,5.283132530120482,0.07630522088353414,0.3534136546184739,,1.0,1.0
user_prefer,cooccurrence,250,250,0.324,0.964,0.012,1.036,5.464,0.012,0.3360995850622407,0.0,0.25,0.25
base,user_pref,250,250,0.328,0.988,0.012,1.012,5.452,0.2276,0.3319838056680162,0.0,0.5,0.5
co_occur,user_pref,249,249,0.3534136546184739,0.9839357429718876,0.008032128514056224,1.0160642570281124,5.471887550200803,0.14819277108433734,0.35918367346938773,0.0,0.3333333333333333,0.3333333333333333
user_prefer,user_pref,250,250,0.324,0.996,0.02,1.004,5.412,0.3464,0.3253012048192771,0.0,0.8333333333333334,0.8333333333333334
