dataset,grouping,n,coverage,mean_gt_best_cosine,median_gt_best_cosine,mean_gt_mean_cosine,mean_gt_best_rank,hit_at_1,hit_at_3,hit_at_5,mrr,observed_category_count,heldout_category_count
pog_dense,dataset,5938,1.0,0.5565569778738119,0.6904024441218026,0.443756459695247,14.158134051869316,0.06786796901313574,0.19282586729538564,0.30801616705961604,0.19728977129086656,,
pog_dense,dataset+observed_category_count,12,1.0,0.3788145372239302,0.5798755503797414,0.3788145372239302,20.666666666666668,0.0,0.08333333333333333,0.25,0.11815204894473186,1.0,
pog_dense,dataset+observed_category_count,5888,1.0,0.5548502174195042,0.6861381502314652,0.4424448749034832,14.193444293478262,0.06742527173913043,0.19157608695652173,0.3063858695652174,0.19655055448464132,2.0,
pog_dense,dataset+observed_category_count,36,1.0,0.8737521797499128,0.9423911808991855,0.6582830404787338,6.888888888888889,0.1388888888888889,0.3888888888888889,0.5555555555555556,0.3184955333035398,3.0,
pog_dense,dataset+observed_category_count,2,1.0,0.9382007654848274,0.9382007654848274,0.8332351673730269,2.0,0.5,1.0,1.0,0.6666666666666666,4.0,
pog_dense,dataset+heldout_category_count,3417,1.0,0.42885634395301797,0.5639856390629057,0.42885634395301797,17.644424934152767,0.03687445127304653,0.11530582382206614,0.19988293824992684,0.1426920173552234,,1.0
pog_dense,dataset+heldout_category_count,1795,1.0,0.7030060531909061,0.7895599886377697,0.4645526150553266,10.186072423398329,0.08802228412256267,0.2662952646239554,0.40724233983286906,0.24616148738038568,,2.0
pog_dense,dataset+heldout_category_count,726,1.0,0.7955059805090302,0.8757967480355658,0.4624680252873318,7.570247933884297,0.16391184573002754,0.3760330578512397,0.571625344352617,0.33342722971704536,,3.0
