split,n,llm_hit_rate,input_gt_top1_rate,input_gt_top3_rate,input_gt_mrr,input_gt_rank_mean,input_gt_sim_mean,input_neg_sim_mean,input_neg_sim_max_mean,input_gt_margin_vs_neg_mean_mean,input_gt_margin_vs_best_neg_mean,pred_is_input_semantic_top1_rate,pred_input_rank_mean,pairmean_gt_top1_rate,pairmean_gt_rank_mean,pairmean_gt_margin_vs_best_neg_mean,pairmax_gt_top1_rate,pairmax_gt_rank_mean,pairmax_gt_margin_vs_best_neg_mean,gt_to_distractor_sim_mean,gt_to_distractor_sim_max_mean
all,250,0.328,0.184,0.408,0.37768888888888885,4.764,0.0957861322015524,-0.003995532661676407,0.26232686306536196,0.09978166467696428,-0.16654073086380958,0.144,5.124,0.184,4.764,-0.1423845914900303,0.196,4.708,-0.15553036017715932,-8.237876603379846e-05,0.25568915509432555
llm_hit,82,1.0,0.2073170731707317,0.4024390243902439,0.3906068524970964,4.7439024390243905,0.08048633844932405,-0.004653398041249957,0.2509837593519833,0.08513973623786758,-0.170497421856697,0.2073170731707317,4.7439024390243905,0.2073170731707317,4.7439024390243905,-0.1445102838390484,0.1951219512195122,4.7926829268292686,-0.16103642888185454,-0.00227656683078172,0.2508198220918818
llm_miss,168,0.0,0.17261904761904762,0.4107142857142857,0.37138369236583524,4.773809523809524,0.10325388867585432,-0.003674431702598841,0.2678633779730825,0.10692832022461862,-0.16460948883156692,0.1130952380952381,5.309523809523809,0.17261904761904762,4.773809523809524,-0.14134705117681906,0.19642857142857142,4.666666666666667,-0.15284287426177234,0.000988593979855068,0.2580658533455183
